{
    "values_settings":{
        "5m_low":{"value_type":"price","period": 5, "measurement": "bid_low"},
        "5m_rsi":{"value_type":"rsi","period": 5, "measurement": "bid_close"},
        "1m_low":{"value_type":"price","period":1, "measurement": "bid_low"},
        "1m_rsi":{"value_type":"rsi","period":1, "measurement": "bid_close"}
    },
    "lines_settings":{
        "Bull Reverse Divergence": {
            "values": "5m_low",
            "slope_filter": {"filter_type": "higher"},
            "lines":{
                "values": "5m_rsi",
                "extrema_lines": {"filter_type": "low", "num_periods": 200, "height": 30},
                "slope_filter": {"filter_type": "lower"},
                "concativity_filter": {"filter_type": "convex"}
            }
        },
        "Bull Regular Divergence": {
                "values": "1m_low",
                "slope_filter": {"filter_type": "lower"},
                "lines": {
                    "values": "1m_rsi",
                    "extrema_lines": {"filter_type": "low", "num_periods": 28, "height": 30},
                    "slope_filter": {"filter_type": "higher"},
                    "concativity_filter": {"filter_type": "convex"}
                }
        },
        "Reloaded": {
            "line_point_filter": {
                "filter_type": 1,
                "allowed_offset": "<allowed_offset>", 
                "keep" : "right",
                "left" : "Bull Reverse Divergence",
                "right": "Bull Regular Divergence"
            }
        }
    },
    "trade_settings":{
        "Reloaded_stop":{
            "trail_stop":{
                "lines": "Reloaded",
                "values": "1m_low",
                "trail_threshold": "<trail_threshold>",
                "line_index": 1, 
                "short" : false,
                "period_delay": 2
            }
        }
    }
}